{
  "comparison_date": "2025-12-23T10:15:31.891533",
  "models": [
    {
      "model_name": "RandomForest",
      "cv_rmse": 36.09828997781699,
      "cv_rmse_std": 11.792413275627771,
      "train_rmse": 20.130632795255814,
      "train_mae": 12.213786192328655,
      "train_r2": 0.6528124751533133,
      "test_rmse": 18.547381192381945,
      "test_mae": 13.418342876543738,
      "test_r2": 0.45629419376676994,
      "test_mape": 1933.978432712638,
      "feature_importance": {
        "author_pr_count": 0.2527740208608219,
        "day_sin": 0.17008832975897967,
        "hour_sin": 0.12058583486648945,
        "title_length": 0.11084597748165649,
        "body_word_count": 0.10871798339260247,
        "hour_cos": 0.06185105146470104,
        "body_length_log": 0.04704791539633984,
        "body_length": 0.04295113506214763,
        "title_word_count": 0.032277266467849036,
        "day_cos": 0.026687568679738496,
        "title_has_brackets": 0.012282780813585055,
        "body_has_links": 0.007451137300839486,
        "num_labels": 0.0061264646841880975,
        "body_has_code": 0.00031253377006133456,
        "is_closed": 0.0,
        "has_body": 0.0
      }
    },
    {
      "model_name": "GradientBoosting",
      "cv_rmse": 40.96230934361166,
      "cv_rmse_std": 7.450971632359953,
      "train_rmse": 0.09134168748739839,
      "train_mae": 0.06130994122025465,
      "train_r2": 0.9999928519543192,
      "test_rmse": 27.306270741899272,
      "test_mae": 16.135016525958548,
      "test_r2": -0.17848364314849996,
      "test_mape": 1373.4600437716845,
      "feature_importance": {
        "author_pr_count": 0.3232095646286605,
        "day_sin": 0.20653521768411556,
        "title_length": 0.10693305697656756,
        "hour_sin": 0.09600480565632237,
        "body_length_log": 0.0921451365410488,
        "body_word_count": 0.05173999630089794,
        "body_length": 0.04508020554050623,
        "hour_cos": 0.02851808145134585,
        "title_word_count": 0.0202672369344838,
        "day_cos": 0.011974902042433285,
        "title_has_brackets": 0.008076587196205137,
        "num_labels": 0.007114011104264817,
        "body_has_links": 0.0019407302092167911,
        "body_has_code": 0.0004604677339313363,
        "is_closed": 0.0,
        "has_body": 0.0
      }
    },
    {
      "model_name": "ExtraTrees",
      "cv_rmse": 37.795737951862606,
      "cv_rmse_std": 12.490964416469716,
      "train_rmse": 13.901591981058933,
      "train_mae": 7.7834060140174905,
      "train_r2": 0.8344312640758218,
      "test_rmse": 16.05019732705381,
      "test_mae": 12.119031519249516,
      "test_r2": 0.5928452296451461,
      "test_mape": 1562.7773731816333,
      "feature_importance": {
        "author_pr_count": 0.28945232924540004,
        "day_sin": 0.20107416395850497,
        "hour_sin": 0.0957532976920252,
        "hour_cos": 0.08239820179721931,
        "day_cos": 0.07073323386903708,
        "body_length": 0.0576689456704502,
        "title_length": 0.049203867559184676,
        "body_word_count": 0.037053560137596545,
        "body_length_log": 0.0296320300578004,
        "title_word_count": 0.02898028780271903,
        "title_has_brackets": 0.021384511427012348,
        "body_has_links": 0.017300671473515494,
        "num_labels": 0.009005059245311494,
        "has_body": 0.007868666517794687,
        "body_has_code": 0.002491173546428563,
        "is_closed": 0.0
      }
    },
    {
      "model_name": "Ridge",
      "cv_rmse": 37.85931807151839,
      "cv_rmse_std": 10.438091463145087,
      "train_rmse": 27.987055409241997,
      "train_mae": 19.807740022385058,
      "train_r2": 0.3289364142492782,
      "test_rmse": 21.318603793871812,
      "test_mae": 17.054231444869504,
      "test_r2": 0.28168275678665833,
      "test_mape": 2937.5651817183657,
      "feature_importance": {
        "has_body": 19.25928516361661,
        "body_has_code": 14.024102631006516,
        "num_labels": 12.737030258164227,
        "hour_sin": 11.250880009916727,
        "day_sin": 8.178007863874917,
        "day_cos": 3.4431457901790474,
        "hour_cos": 3.2994948407988547,
        "body_length_log": 1.9523947612340182,
        "title_has_brackets": 1.1366914858182313,
        "body_has_links": 1.0117801379409397,
        "author_pr_count": 0.9944457836853513,
        "title_length": 0.1354334702850397,
        "title_word_count": 0.13165549365893903,
        "body_length": 0.008058064689065728,
        "body_word_count": 0.005070469063182579,
        "is_closed": 0.0
      }
    },
    {
      "model_name": "ElasticNet",
      "cv_rmse": 37.100361569381356,
      "cv_rmse_std": 10.875342921676438,
      "train_rmse": 28.286709682072917,
      "train_mae": 20.0520689080337,
      "train_r2": 0.3144894796756773,
      "test_rmse": 22.586375721945544,
      "test_mae": 17.46258961524168,
      "test_r2": 0.19370888922061413,
      "test_mape": 2840.357731515984,
      "feature_importance": {
        "hour_sin": 9.439224507347122,
        "num_labels": 7.925836236939313,
        "day_sin": 7.1361961561419145,
        "has_body": 5.947409173654806,
        "body_has_code": 4.894688176641106,
        "day_cos": 4.194420649549743,
        "body_length_log": 3.822646117958596,
        "hour_cos": 3.051043066036285,
        "author_pr_count": 0.9214128547640831,
        "body_has_links": 0.5551036572991019,
        "title_word_count": 0.24616362518659418,
        "title_length": 0.16761494620984635,
        "title_has_brackets": 0.09665094516388371,
        "body_word_count": 0.04899337591134205,
        "body_length": 0.0050953608083851515,
        "is_closed": 0.0
      }
    },
    {
      "model_name": "XGBoost",
      "cv_rmse": 37.93162584548416,
      "cv_rmse_std": 10.106575405649368,
      "train_rmse": 0.02702602528143141,
      "train_mae": 0.020385260353393584,
      "train_r2": 0.9999993742316189,
      "test_rmse": 16.022439449391374,
      "test_mae": 10.79471401181486,
      "test_r2": 0.5942523125881465,
      "test_mape": 1498.1130599807022,
      "feature_importance": {
        "author_pr_count": 0.25203874707221985,
        "day_sin": 0.13643047213554382,
        "hour_sin": 0.09873582422733307,
        "day_cos": 0.09151680767536163,
        "num_labels": 0.0661352202296257,
        "hour_cos": 0.06297927349805832,
        "title_has_brackets": 0.05969840660691261,
        "body_length": 0.050324320793151855,
        "body_word_count": 0.041572339832782745,
        "body_length_log": 0.04006262123584747,
        "title_length": 0.03727806732058525,
        "body_has_links": 0.03333260864019394,
        "title_word_count": 0.02701280452311039,
        "body_has_code": 0.002870897063985467,
        "has_body": 1.1606326552282553e-05,
        "is_closed": 0.0
      }
    },
    {
      "model_name": "LightGBM",
      "cv_rmse": 36.77520317774231,
      "cv_rmse_std": 12.94289665644141,
      "train_rmse": 21.19768363682205,
      "train_mae": 14.970228292419746,
      "train_r2": 0.6150307238837152,
      "test_rmse": 21.00320407086241,
      "test_mae": 18.869622708504092,
      "test_r2": 0.30277993123561153,
      "test_mape": 3164.859979699953,
      "feature_importance": {
        "body_word_count": 111.0,
        "body_length": 93.0,
        "hour_cos": 47.0,
        "title_length": 43.0,
        "day_cos": 32.0,
        "day_sin": 22.0,
        "author_pr_count": 21.0,
        "hour_sin": 9.0,
        "title_word_count": 7.0,
        "body_has_links": 3.0,
        "num_labels": 0.0,
        "is_closed": 0.0,
        "has_body": 0.0,
        "title_has_brackets": 0.0,
        "body_has_code": 0.0,
        "body_length_log": 0.0
      }
    }
  ],
  "best_model": "XGBoost"
}