{
  "comparison_date": "2025-12-23T11:13:39.596489",
  "models": [
    {
      "model_name": "RandomForest",
      "cv_rmse": 1.4494094134219448,
      "cv_rmse_std": 0.3435458525548571,
      "train_rmse": 0.6977490549342995,
      "train_mae": 0.5139544946445511,
      "train_r2": 0.8114925231157508,
      "test_rmse": 1.286703748488433,
      "test_mae": 1.0805038573296748,
      "test_r2": 0.3061772166736316,
      "test_mape": 1370.4015944157557,
      "feature_importance": {
        "author_pr_count_log": 0.21053210715324294,
        "title_is_feature": 0.18367963545583907,
        "hour_sin": 0.14831264814627698,
        "title_length": 0.08789355158633166,
        "day_sin": 0.08004105274488678,
        "additions_ratio": 0.0606242425709537,
        "is_weekend": 0.04557174819672615,
        "body_word_count": 0.03722868144869629,
        "title_word_count": 0.027018846623897766,
        "hour_cos": 0.02478375299086732,
        "day_cos": 0.019451914952853165,
        "change_density": 0.01578763577646169,
        "title_has_brackets": 0.011780549137402072,
        "body_has_links": 0.009375073253444813,
        "body_length_log": 0.008737784556733394,
        "deletions_log": 0.0062023749653517144,
        "total_changes_log": 0.006078061672756199,
        "additions_log": 0.005662311047720371,
        "body_length": 0.0054609118716650445,
        "num_labels": 0.002755629138567418,
        "title_is_test": 0.002011542220151481,
        "title_is_fix": 0.0006055081621862976,
        "body_has_code": 0.0003067892827589996,
        "changed_files_log": 9.764704422883462e-05,
        "has_body": 0.0,
        "label_urgency_score": 0.0,
        "label_complexity_score": 0.0,
        "label_fast_merge_score": 0.0,
        "has_urgency_label": 0.0,
        "has_complexity_label": 0.0,
        "has_fast_merge_label": 0.0,
        "commits": 0.0,
        "is_closed": 0.0,
        "title_is_refactor": 0.0,
        "title_is_docs": 0.0,
        "is_core_contributor": 0.0
      }
    },
    {
      "model_name": "GradientBoosting",
      "cv_rmse": 1.6738796935068536,
      "cv_rmse_std": 0.43463302504715273,
      "train_rmse": 0.00015672987084104173,
      "train_mae": 9.734050125911694e-05,
      "train_r2": 0.9999999904888371,
      "test_rmse": 1.4351142639674477,
      "test_mae": 1.0452378378325142,
      "test_r2": 0.13689350142787726,
      "test_mape": 3338.7079862522073,
      "feature_importance": {
        "author_pr_count_log": 0.30466093047861564,
        "title_is_feature": 0.14855223904037992,
        "day_sin": 0.12601154147024127,
        "hour_sin": 0.08902825871184486,
        "title_has_brackets": 0.055261253425508854,
        "title_length": 0.047886687036858826,
        "additions_ratio": 0.028679521032549893,
        "total_changes_log": 0.02527835617100506,
        "body_has_links": 0.024551327280145863,
        "is_weekend": 0.021687347405111808,
        "hour_cos": 0.019760087851483775,
        "title_word_count": 0.018383184247299126,
        "change_density": 0.017217104788506216,
        "body_word_count": 0.01654796618670959,
        "body_length": 0.015506157151963887,
        "body_length_log": 0.014762108063920264,
        "day_cos": 0.009418885982166928,
        "additions_log": 0.006694116062632238,
        "deletions_log": 0.0040743298071127376,
        "has_body": 0.0028793017697060826,
        "title_is_test": 0.00248011931391897,
        "title_is_fix": 0.0005774775531853914,
        "num_labels": 5.772087508967356e-05,
        "changed_files_log": 4.397128496234607e-05,
        "body_has_code": 7.0090808464310195e-09,
        "label_urgency_score": 0.0,
        "label_complexity_score": 0.0,
        "label_fast_merge_score": 0.0,
        "has_urgency_label": 0.0,
        "has_complexity_label": 0.0,
        "has_fast_merge_label": 0.0,
        "commits": 0.0,
        "is_closed": 0.0,
        "title_is_refactor": 0.0,
        "title_is_docs": 0.0,
        "is_core_contributor": 0.0
      }
    },
    {
      "model_name": "ExtraTrees",
      "cv_rmse": 1.3936459624309303,
      "cv_rmse_std": 0.16334675694547252,
      "train_rmse": 0.5744775321350706,
      "train_mae": 0.3533525162286324,
      "train_r2": 0.8722160929265528,
      "test_rmse": 1.2024312375828978,
      "test_mae": 0.8921653536355667,
      "test_r2": 0.39408469201910035,
      "test_mape": 1749.1813003437112,
      "feature_importance": {
        "hour_sin": 0.2347812451204051,
        "title_is_feature": 0.21554228781577334,
        "is_weekend": 0.18350917409160936,
        "author_pr_count_log": 0.11318535480171395,
        "day_sin": 0.04238427605108726,
        "hour_cos": 0.029843933612559544,
        "day_cos": 0.029666081906376252,
        "title_length": 0.02920841818202905,
        "title_has_brackets": 0.018330658325608037,
        "body_has_links": 0.015040635559782346,
        "body_word_count": 0.013859682715482555,
        "change_density": 0.011050512831626298,
        "body_length": 0.010607685364877264,
        "additions_log": 0.00915719512191266,
        "deletions_log": 0.008537837527102705,
        "title_word_count": 0.007374725465173141,
        "total_changes_log": 0.007309448472488184,
        "body_length_log": 0.006588486551537122,
        "additions_ratio": 0.003945848257329694,
        "title_is_fix": 0.002869748249878774,
        "changed_files_log": 0.002416694989129245,
        "num_labels": 0.0019297544119975913,
        "body_has_code": 0.0016773306319482998,
        "title_is_test": 0.0011829839425721918,
        "has_body": 0.0,
        "label_urgency_score": 0.0,
        "label_complexity_score": 0.0,
        "label_fast_merge_score": 0.0,
        "has_urgency_label": 0.0,
        "has_complexity_label": 0.0,
        "has_fast_merge_label": 0.0,
        "commits": 0.0,
        "is_closed": 0.0,
        "title_is_refactor": 0.0,
        "title_is_docs": 0.0,
        "is_core_contributor": 0.0
      }
    },
    {
      "model_name": "Ridge",
      "cv_rmse": 1.2486282436517353,
      "cv_rmse_std": 0.2008874009768672,
      "train_rmse": 0.8770861189821327,
      "train_mae": 0.7048451323849103,
      "train_r2": 0.7021383833710875,
      "test_rmse": 1.5194339455677806,
      "test_mae": 1.2509510785540834,
      "test_r2": 0.0324908656287386,
      "test_mape": 1147.3496950242989,
      "feature_importance": {
        "is_weekend": 1.8301602193059527,
        "title_is_feature": 1.544087828278983,
        "hour_sin": 1.1806714614827627,
        "title_is_refactor": 1.0050344498349177,
        "title_is_test": 0.8091531582201205,
        "body_length_log": 0.5427007251922649,
        "author_pr_count_log": 0.5220832153089254,
        "num_labels": 0.38187291059188394,
        "hour_cos": 0.3633467228071769,
        "title_is_fix": 0.35407643459824456,
        "has_body": 0.2849679657651618,
        "day_cos": 0.25351637743609384,
        "additions_ratio": 0.2009115423910234,
        "changed_files_log": 0.17510282830099497,
        "deletions_log": 0.16431654589612793,
        "additions_log": 0.15892994895822019,
        "title_has_brackets": 0.14229434800064442,
        "body_has_code": 0.12409390632627264,
        "total_changes_log": 0.07997837945283534,
        "day_sin": 0.07277172031025803,
        "body_has_links": 0.06906566211860472,
        "title_word_count": 0.05127352857810919,
        "title_length": 0.020077065757209037,
        "body_word_count": 0.0037376235967019134,
        "change_density": 0.0030205861790467583,
        "body_length": 0.0004208959332864979,
        "label_urgency_score": 0.0,
        "label_complexity_score": 0.0,
        "label_fast_merge_score": 0.0,
        "has_urgency_label": 0.0,
        "has_complexity_label": 0.0,
        "has_fast_merge_label": 0.0,
        "commits": 0.0,
        "is_closed": 0.0,
        "title_is_docs": 0.0,
        "is_core_contributor": 0.0
      }
    },
    {
      "model_name": "ElasticNet",
      "cv_rmse": 1.384004623067753,