{
  "best_model": "ExtraTrees",
  "training_date": "2025-12-23T11:13:39.595821",
  "num_samples": 91,
  "num_features": 36,
  "features": [
    "title_length",
    "body_length",
    "title_word_count",
    "body_word_count",
    "body_length_log",
    "has_body",
    "num_labels",
    "label_urgency_score",
    "label_complexity_score",
    "label_fast_merge_score",
    "has_urgency_label",
    "has_complexity_label",
    "has_fast_merge_label",
    "total_changes_log",
    "additions_log",
    "deletions_log",
    "changed_files_log",
    "change_density",
    "additions_ratio",
    "commits",
    "is_closed",
    "title_has_brackets",
    "body_has_code",
    "body_has_links",
    "title_is_fix",
    "title_is_feature",
    "title_is_refactor",
    "title_is_docs",
    "title_is_test",
    "author_pr_count_log",
    "is_core_contributor",
    "is_weekend",
    "hour_sin",
    "hour_cos",
    "day_sin",
    "day_cos"
  ],
  "uses_embeddings": false,
  "uses_log_transform": true,
  "metrics": {
    "model_name": "ExtraTrees",
    "cv_rmse": 1.3936459624309303,
    "cv_rmse_std": 0.16334675694547252,
    "train_rmse": 0.5744775321350706,
    "train_mae": 0.3533525162286324,
    "train_r2": 0.8722160929265528,
    "test_rmse": 1.2024312375828978,
    "test_mae": 0.8921653536355667,
    "test_r2": 0.39408469201910035,
    "test_mape": 1749.1813003437112,
    "feature_importance": {
      "hour_sin": 0.2347812451204051,
      "title_is_feature": 0.21554228781577334,
      "is_weekend": 0.18350917409160936,
      "author_pr_count_log": 0.11318535480171395,
      "day_sin": 0.04238427605108726,
      "hour_cos": 0.029843933612559544,
      "day_cos": 0.029666081906376252,
      "title_length": 0.02920841818202905,
      "title_has_brackets": 0.018330658325608037,
      "body_has_links": 0.015040635559782346,
      "body_word_count": 0.013859682715482555,
      "change_density": 0.011050512831626298,
      "body_length": 0.010607685364877264,
      "additions_log": 0.00915719512191266,
      "deletions_log": 0.008537837527102705,
      "title_word_count": 0.007374725465173141,
      "total_changes_log": 0.007309448472488184,
      "body_length_log": 0.006588486551537122,
      "additions_ratio": 0.003945848257329694,
      "title_is_fix": 0.002869748249878774,
      "changed_files_log": 0.002416694989129245,
      "num_labels": 0.0019297544119975913,
      "body_has_code": 0.0016773306319482998,
      "title_is_test": 0.0011829839425721918,
      "has_body": 0.0,
      "label_urgency_score": 0.0,
      "label_complexity_score": 0.0,
      "label_fast_merge_score": 0.0,
      "has_urgency_label": 0.0,
      "has_complexity_label": 0.0,
      "has_fast_merge_label": 0.0,
      "commits": 0.0,
      "is_closed": 0.0,
      "title_is_refactor": 0.0,
      "title_is_docs": 0.0,
      "is_core_contributor": 0.0
    }
  },
  "data_stats": {
    "mean_merge_time_hours": 18.072274114774114,
    "median_merge_time_hours": 0.8563888888888889,
    "std_merge_time_hours": 32.72635768699264,
    "min_merge_time_hours": 0.0822222222222222,
    "max_merge_time_hours": 169.93972222222223
  }
}